,isolation_forest,lof,ocsvm,elliptic_envelope,dbscan,hdbscan,kmeans,gmm,hybrid_ensemble
isolation_forest,0.9999999999999999,0.6650040114215022,0.6983445188278719,0.6750208173333503,0.24901024151003243,0.7191243194851609,0.7059252596949485,0.3928128480813467,0.462352982424027
lof,0.6650040114215022,0.9999999999999999,0.7211207986685263,0.6556103302739308,0.16100351732747936,0.8142713918385206,0.8383303101902813,0.5366571535024244,0.3486357376856801
ocsvm,0.6983445188278719,0.7211207986685263,0.9999999999999999,0.7606461702512761,0.2589973806956771,0.7685588614717833,0.803271927828589,0.4645348279231008,0.41683542858033507
elliptic_envelope,0.6750208173333503,0.6556103302739308,0.7606461702512761,0.9999999999999999,0.2560376184591257,0.8256082355556589,0.7236676256353143,0.6218926185196095,0.4479025682076087
dbscan,0.24901024151003243,0.16100351732747933,0.2589973806956771,0.2560376184591257,1.0,0.26788843574417254,0.27459918851842513,0.2265463919232896,0.37794460525022217
hdbscan,0.7191243194851609,0.8142713918385207,0.7685588614717833,0.8256082355556588,0.26788843574417254,1.0,0.8317595037211675,0.5660283377227244,0.45995032379428685
kmeans,0.7059252596949485,0.8383303101902813,0.803271927828589,0.7236676256353143,0.27459918851842513,0.8317595037211674,0.9999999999999999,0.5473084444145018,0.4474728594521487
gmm,0.3928128480813467,0.5366571535024244,0.4645348279231008,0.6218926185196095,0.22654639192328957,0.5660283377227244,0.5473084444145018,0.9999999999999999,0.46367063858968327
hybrid_ensemble,0.46235298242402695,0.3486357376856801,0.4168354285803351,0.44790256820760865,0.37794460525022217,0.45995032379428685,0.4474728594521487,0.4636706385896832,1.0
